s,RMSE_train,RMSE_val,RMSE_both,RMSE_test,RMSEw_train,RMSEw_val,RMSEw_both,RMSEw_test
0.9912311382034324,0.08992686662520326,0.10463507096110157,0.09381914531394703,0.13826944777814515,0.09278066326868008,0.10394674806931557,0.0980954746673642,0.14910395244050756
0.6293186266318203,0.1324685258343516,0.11450518851673441,0.12821520499911607,0.1589817235332102,0.13524719293059145,0.1070643448099783,0.12618728161783088,0.1675853701407656
0.9859183027089699,0.09273034892885602,0.10526516799600971,0.09601657812397893,0.14869126513092024,0.09651082094568121,0.10336502143975534,0.10030977605530851,0.15996944928352194
0.9954353400141959,0.08770632772900064,0.10617491225171292,0.09266767659198644,0.1194777212012271,0.08997424004742088,0.107376743950773,0.09747366908393222,0.12887021852309968
0.9943298081561097,0.0881681899350954,0.10538817869558584,0.09277191938960759,0.1253453958750024,0.09050635673002136,0.10601245924445184,0.09733739708189973,0.13526535146357718
0.999899933768694,0.08424754152918996,0.12469083337861392,0.09596628163200775,0.08096676747406131,0.08639762620579175,0.13166388957067168,0.1054102063264813,0.085083931570024
