s,RMSE_train,RMSE_val,RMSE_both,RMSE_test,RMSEw_train,RMSEw_val,RMSEw_both,RMSEw_test
1.0066222743161011e-05,0.7079620772906762,0.17485959794072103,0.6195058399230943,0.39749520200248545,0.7350962276411158,0.21144374130501645,0.5645301337431101,0.32078798173208317
1.0066222743161011e-05,0.7079620772906762,0.17485959794072103,0.6195058399230943,0.39749520200248545,0.7350962276411158,0.21144374130501645,0.5645301337431101,0.32078798173208317
1.0066222743161011e-05,0.7079620772906762,0.17485959794072103,0.6195058399230943,0.39749520200248545,0.7350962276411158,0.21144374130501645,0.5645301337431101,0.32078798173208317
0.9977034318062724,0.5328819770773204,0.6303199554057086,0.5587856736500281,0.977389667157619,0.5557660534659983,0.695692627179259,0.5940472909719423,0.9193729651225838
1.0066222743161011e-05,0.7079620772906762,0.17485959794072103,0.6195058399230943,0.39749520200248545,0.7350962276411158,0.21144374130501645,0.5645301337431101,0.32078798173208317
0.9959267741754357,0.6045323180608325,0.49047841213330634,0.5781862426097171,0.8333463667831865,0.6252681171660375,0.5545556820834834,0.5740089852875636,0.7749052749360333
1.0066222743161011e-05,0.7079620772906762,0.17485959794072103,0.6195058399230943,0.39749520200248545,0.7350962276411158,0.21144374130501645,0.5645301337431101,0.32078798173208317
0.9998999337631181,0.49032814547705134,0.8322547046948399,0.5943497916402504,1.1844453795020606,0.5153023157699852,0.8988336324021458,0.6776376009958986,1.1272834525502142
