s,RMSE_train,RMSE_val,RMSE_both,RMSE_test,RMSEw_train,RMSEw_val,RMSEw_both,RMSEw_test
0.8073114567579874,1.2519379684414491,0.6717536852206382,1.1350823444819438,0.7220303963564854,1.281469054040306,0.7601228925868989,1.0626664200475797,0.7744593580625222
0.8111166927905366,1.2516431213241057,0.6717589570350126,1.1348392004977876,0.7218924930991568,1.281205799968018,0.7601171016145023,1.0624887877300278,0.7742988446658767
1.0066222696409378e-05,1.2544560215525578,0.6878035178568622,1.1395610158034843,0.7482192592523871,1.2818615626039445,0.7784007980378013,1.0675966678415907,0.80237516542925
0.9987682395460565,0.8225287415090203,1.3110076290826644,0.9679974190948587,1.4301323265117474,0.8445813364014769,1.4330457328350552,1.083489813245996,1.4954660188745712
1.0066222696409378e-05,1.2544560215525578,0.6878035178568622,1.1395610158034843,0.7482192592523871,1.2818615626039445,0.7784007980378013,1.0675966678415907,0.80237516542925
0.9950717326685466,1.0734851602458653,0.8998951716870442,1.0328394725339078,0.9767909375066753,1.098565600710188,1.0050110899962026,1.0226103625068177,1.034603433188729
1.0066222696409378e-05,1.2544560215525578,0.6878035178568622,1.1395610158034843,0.7482192592523871,1.2818615626039445,0.7784007980378013,1.0675966678415907,0.80237516542925
0.999899933768694,0.6755913586919486,1.7737699909970959,1.0623900792004297,1.9169257245384979,0.7026186930142466,1.9054992899825616,1.297696008004215,1.9865495866343388
