s,RMSE_train,RMSE_val,RMSE_both,RMSE_test,RMSEw_train,RMSEw_val,RMSEw_both,RMSEw_test
0.8870219020375048,0.22216426822272042,0.137535643878882,0.20432599527113132,0.3888021623036841,0.23727071490303767,0.13336055165161187,0.19969705506200167,0.4709974506325636
0.8696907675566635,0.22191455434458193,0.13758308826032278,0.20413034166704128,0.38945874933052804,0.23673713469018282,0.13329986309364442,0.19935014843224064,0.4719329421472403
1.0066222696409378e-05,0.21818870714557878,0.14536469974838578,0.20245870115490924,0.3793134859111706,0.23085579467748873,0.14088183892457246,0.19785927262583342,0.45593762013788897
0.995804924749637,0.20828936111553986,0.18103526987513996,0.2018232256239138,0.34270227851927465,0.21693903434555317,0.17865976305776232,0.2018917916581401,0.39044213395369054
1.0066222696409378e-05,0.21818870714557878,0.14536469974838578,0.20245870115490924,0.3793134859111706,0.23085579467748873,0.14088183892457246,0.19785927262583342,0.45593762013788897
0.9944935232695172,0.21112176775552846,0.17241778956390602,0.2021445856793394,0.34733757768448653,0.22153125721446718,0.1699749991130663,0.20140101133786414,0.4005161081634079
1.0066222696409378e-05,0.21818870714557878,0.14536469974838578,0.20245870115490924,0.3793134859111706,0.23085579467748873,0.14088183892457246,0.19785927262583342,0.45593762013788897
0.999899933768694,0.18857983541465645,0.3683022864746312,0.2461210934934145,0.35746921969505346,0.18790255293751704,0.37855970343273665,0.2822536019027642,0.2515724609876479
