s,RMSE_train,RMSE_val,RMSE_both,RMSE_test,RMSEw_train,RMSEw_val,RMSEw_both,RMSEw_test
0.06336382474752898,0.2320836055177607,0.9119825869864666,0.4983223451785247,1.2232532456205258,0.20541235289568158,1.044664070169042,0.635444675190065,1.1339877300001269
0.891135615023586,0.22531502556175675,0.9097773507770657,0.49497358773439143,1.2307324365853467,0.20847399835979816,1.04340632044437,0.6346909521741062,1.1433354512211251
0.009596051459499167,0.23232911688585892,0.9119971464823151,0.49841479985318826,1.2229799139602568,0.2053767678746289,1.0446473429152505,0.6354443157335854,1.1336598917923053
0.8893581000636681,0.22534150843697504,0.9097800238686353,0.49498385784396254,1.2306837909814132,0.2084553688741409,1.0434034847107487,0.6346886542815114,1.1432770755450599
0.8972624597641073,0.22521858079728294,0.9098130867852445,0.4949570891235729,1.2309566782625307,0.20852183974066338,1.0434649479252598,0.6347250259444964,1.1435945286144678
0.03569335929207997,0.23221286745825556,0.9119865200747107,0.4983693058961239,1.223104531973704,0.20539451072195272,1.0446511997893542,0.6354422222205247,1.1338101893845902
0.8888873338125993,0.2253484163248664,0.9097815982555199,0.49498693991476794,1.2306720162851,0.20845012798295792,1.043403677370022,0.6346885516522622,1.143262752389095
0.9514810636247023,0.22419327027864622,0.9183552374554458,0.4985389176073796,1.2416790901683206,0.20540182388730835,1.052741902425079,0.6397029896038989,1.1545598617043713
0.999899933761736,0.18359584586153416,1.2086079159038627,0.6248710663485538,1.678472523265193,0.16033476447064957,1.3733464747237891,0.8246400650791657,1.614189444421179
