s,RMSE_train,RMSE_val,RMSE_both,RMSE_test,RMSEw_train,RMSEw_val,RMSEw_both,RMSEw_test
0.9762415481215171,0.7500828492708992,0.23916182715465656,0.66053560050359,0.6724130129435286,0.741081977965036,0.24217053549681483,0.5780377862534102,0.7647990729061653
0.9778696098357932,0.7423156841431204,0.23928278046111975,0.6539319977444854,0.6791618313050978,0.7334308705869054,0.24205026682145223,0.572536302237191,0.7717544315106527
0.9984344418995482,0.30192083493467076,0.5615575049961795,0.38364872130374433,1.1422887091423048,0.2946494254824351,0.553636993197087,0.43151725498802074,1.2414930771392079
0.9970802741855049,0.38220545972217396,0.4599007196689995,0.40302954994656337,1.033352804110147,0.3759566819567998,0.45321059829194305,0.4143023927142785,1.131788089623797
0.999899933768694,0.2529619246021986,0.7090423802775069,0.4167053023294232,1.2993898004715132,0.24409658424632613,0.7008305268534851,0.502655999399213,1.4000770500789141
