s,RMSE_train,RMSE_val,RMSE_both,RMSE_test,RMSEw_train,RMSEw_val,RMSEw_both,RMSEw_test
1.0066222696409378e-05,0.10235517215061161,0.10245755645059829,0.10238076982619378,0.17221789649293326,0.12073696599460407,0.12342581042397277,0.11440851088007353,0.19821867584540437
1.0066222696409378e-05,0.10235517215061161,0.10245755645059829,0.10238076982619378,0.17221789649293326,0.12073696599460407,0.12342581042397277,0.11440851088007353,0.19821867584540437
0.9375852143378193,0.09285308953211104,0.11755632711914117,0.09960290526584809,0.19677821727639927,0.10631434291955563,0.1444762310317788,0.11333305534284137,0.230286904369742
0.999899933768694,0.07851256340108967,0.2182575311581242,0.12856521861650347,0.34520739629079683,0.0773141839991844,0.2585335260188169,0.1593627759793508,0.3990941088329762
0.9108143724615013,0.09517941693333454,0.11273886280057933,0.09985774237602411,0.18970912253836997,0.11007487583169592,0.13825348909430676,0.11303289576820968,0.22139230466661433
0.9855741398343629,0.0852361963712008,0.15549330877373743,0.10720134437131092,0.24780533600393595,0.09000798390760811,0.18858598584949735,0.1258731952010388,0.29046933334443636
0.999899933768694,0.07851256340108967,0.2182575311581242,0.12856521861650347,0.34520739629079683,0.0773141839991844,0.2585335260188169,0.1593627759793508,0.3990941088329762
