s,RMSE_train,RMSE_val,RMSE_both,RMSE_test,RMSEw_train,RMSEw_val,RMSEw_both,RMSEw_test
0.5650240374695864,0.40717879243017674,0.33566347022936244,0.3905349755506715,0.4779359507165869,0.37922350280959255,0.35441607497946814,0.36194062982205627,0.4565210111932946
0.999899933768694,0.16508086639622854,0.1344851771892564,0.1579906670787643,0.26804373930267245,0.13525801536255805,0.1486427610463695,0.13584611259495566,0.25613648669824374
0.54152984251241,0.4072805284486686,0.3356669406012548,0.39061528483375463,0.47789242966475487,0.3793082985626227,0.3544120834998144,0.3619915845635574,0.4564698213061707
0.999899933768694,0.16508086639622854,0.1344851771892564,0.1579906670787643,0.26804373930267245,0.13525801536255805,0.1486427610463695,0.13584611259495566,0.25613648669824374
0.999899933768694,0.16508086639622854,0.1344851771892564,0.1579906670787643,0.26804373930267245,0.13525801536255805,0.1486427610463695,0.13584611259495566,0.25613648669824374
0.999899933768694,0.16508086639622854,0.1344851771892564,0.1579906670787643,0.26804373930267245,0.13525801536255805,0.1486427610463695,0.13584611259495566,0.25613648669824374
0.999899933768694,0.16508086639622854,0.1344851771892564,0.1579906670787643,0.26804373930267245,0.13525801536255805,0.1486427610463695,0.13584611259495566,0.25613648669824374
