s,RMSE_train,RMSE_val,RMSE_both,RMSE_test,RMSEw_train,RMSEw_val,RMSEw_both,RMSEw_test
0.8152987769475637,0.17864859027331942,0.34652827365922173,0.2322715315278833,0.33796276847375295,0.134511149995382,0.4059179218854007,0.2559085408857022,0.4025621365214871
0.999899933768694,0.09669433894433122,0.18901658333475627,0.12626204293235907,0.15874014250645224,0.08659310435933264,0.20995908567883437,0.142709269775494,0.13979908937279498
0.8237922218153362,0.17812194277723903,0.34653678955463885,0.23197113076700238,0.33768952510369765,0.13431173626995563,0.4059086007899576,0.25585299878809403,0.40224062715322706
0.999899933768694,0.09669433894433122,0.18901658333475627,0.12626204293235907,0.15874014250645224,0.08659310435933264,0.20995908567883437,0.142709269775494,0.13979908937279498
0.999899933768694,0.09669433894433122,0.18901658333475627,0.12626204293235907,0.15874014250645224,0.08659310435933264,0.20995908567883437,0.142709269775494,0.13979908937279498
0.8619154581353049,0.17512582898481097,0.346848206876833,0.23037081221239752,0.33647027207452707,0.13325820830359977,0.40615104355010356,0.2557252120410946,0.4007760412134788
0.999899933768694,0.09669433894433122,0.18901658333475627,0.12626204293235907,0.15874014250645224,0.08659310435933264,0.20995908567883437,0.142709269775494,0.13979908937279498
0.999899933768694,0.09669433894433122,0.18901658333475627,0.12626204293235907,0.15874014250645224,0.08659310435933264,0.20995908567883437,0.142709269775494,0.13979908937279498
