s,RMSE_train,RMSE_val,RMSE_both,RMSE_test,RMSEw_train,RMSEw_val,RMSEw_both,RMSEw_test
0.9922319000779376,0.22706241886189216,0.08403189190127602,0.20108908827031452,0.49061964307394074,0.19376034827584476,0.07841468369972368,0.15542081489992768,0.6097032695773549
0.9843340476346618,0.22604459110031597,0.08570643062931657,0.20040442330990313,0.47332597903591445,0.1918040837438755,0.07658272693003222,0.15433730028115977,0.5899620460052128
1.0066222696409378e-05,0.1921094025434053,0.13392564741379873,0.17934608507530192,0.39474461280197365,0.16328076629413393,0.11707773822101677,0.15026899962632095,0.49775078714664667
0.9998974749268787,0.13541652685308617,0.09794512850005517,0.12709139152513593,0.5444117571380842,0.10816196656860323,0.08873741658462486,0.10329880833464025,0.6744382233901338
0.8424351432078588,0.204157385853908,0.10610128118828131,0.18459936389869266,0.4312017144665799,0.17228419323767794,0.09044568497730018,0.14639687867311035,0.5414125126399509
0.999899933768694,0.1354120721157974,0.0979638824057814,0.12709144377458892,0.5444102539644445,0.10814555920216483,0.08874196260175003,0.10329605192745184,0.6744392374954422
1.0066222696409378e-05,0.1921094025434053,0.13392564741379873,0.17934608507530192,0.39474461280197365,0.16328076629413393,0.11707773822101677,0.15026899962632095,0.49775078714664667
0.999899933768694,0.1354120721157974,0.0979638824057814,0.12709144377458892,0.5444102539644445,0.10814555920216483,0.08874196260175003,0.10329605192745184,0.6744392374954422
