s,RMSE_train,RMSE_val,RMSE_both,RMSE_test,RMSEw_train,RMSEw_val,RMSEw_both,RMSEw_test
0.9892319408441831,0.14438346255432058,0.16692278357755186,0.1503336093846687,0.3375380315442924,0.15371044011942853,0.19290926761159116,0.16144394973543907,0.3568014343422662
0.9868979054605564,0.14594964252365633,0.1670706043150904,0.1515044685003385,0.3483713504728832,0.15466035079059087,0.19275940151768847,0.16199957259341108,0.368350023364405
0.9969058470531499,0.13208825752862507,0.18209082335059135,0.14619685659493914,0.22952218877309208,0.14359932539424283,0.21175015618928447,0.16380930887991285,0.2418500105504455
0.9927525515273088,0.14112139972017085,0.1677967004848415,0.1482387489187736,0.31090939319441324,0.151889891035525,0.19454343874320543,0.1609357645330594,0.3283704011263951
0.999899933768694,0.10401192707894824,0.2951556787855253,0.17287891849790102,0.09662349728791211,0.11367609082815198,0.3312736014611417,0.21629583490025425,0.09992948112774733
