s,RMSE_train,RMSE_val,RMSE_both,RMSE_test,RMSEw_train,RMSEw_val,RMSEw_both,RMSEw_test
0.999899933775044,0.42044741901698124,0.4197307393236415,0.42026859595716975,0.33424077893254006,0.4595801590232657,0.4090585214782349,0.44198728047722086,0.34742932139947014
0.999899933775044,0.42044741901698124,0.4197307393236415,0.42026859595716975,0.33424077893254006,0.4595801590232657,0.4090585214782349,0.44198728047722086,0.34742932139947014
0.999899933775044,0.42044741901698124,0.4197307393236415,0.42026859595716975,0.33424077893254006,0.4595801590232657,0.4090585214782349,0.44198728047722086,0.34742932139947014
0.999899933775044,0.42044741901698124,0.4197307393236415,0.42026859595716975,0.33424077893254006,0.4595801590232657,0.4090585214782349,0.44198728047722086,0.34742932139947014
0.999899933775044,0.42044741901698124,0.4197307393236415,0.42026859595716975,0.33424077893254006,0.4595801590232657,0.4090585214782349,0.44198728047722086,0.34742932139947014
