s,RMSE_train,RMSE_val,RMSE_both,RMSE_test,RMSEw_train,RMSEw_val,RMSEw_both,RMSEw_test
0.9989364436834851,0.10107145790985571,0.07058207365411202,0.09437926536814964,0.1335859945864053,0.10526902353174585,0.05260986500758522,0.09097023394741283,0.15714687526189192
0.9990213212123531,0.10037609968542047,0.07073494177613526,0.09384974778206956,0.12862054901953582,0.10455976133727288,0.05238544536962761,0.09054539048242259,0.15143944968621706
0.9994427670556543,0.09713643632064094,0.07665687129219705,0.0924443746336207,0.10420745138394691,0.10151737277574012,0.0585916307871406,0.09064157347995148,0.12214010464849533
0.9992301951683303,0.09867100996189124,0.07256425884162379,0.09283705193028782,0.11624965723149357,0.10288911370180964,0.053901396560728385,0.09006544113865708,0.13691757190174844
0.999899933768694,0.09550889978273935,0.08981965867993148,0.09411927311789582,0.08533792904426954,0.10060199209040001,0.07432060478877214,0.09520399294003118,0.09593870000587429
