s,RMSE_train,RMSE_val,RMSE_both,RMSE_test,RMSEw_train,RMSEw_val,RMSEw_both,RMSEw_test
1.0066222700160841e-05,0.28169503255623096,0.5397186100116593,0.3637562920796564,0.2546750399742998,0.2152463957154494,0.694298723868175,0.40666838217432166,0.14584702555479143
0.9862564256479212,0.33174392681826065,0.5918102415424751,0.41240550128476156,0.3585501173789979,0.3176149793370639,0.7650770150325676,0.4739431738440851,0.25154729545573157
1.0066222700160841e-05,0.28169503255623096,0.5397186100116593,0.3637562920796564,0.2546750399742998,0.2152463957154494,0.694298723868175,0.40666838217432166,0.14584702555479143
0.9866647981216125,0.333448992405973,0.5918310942297853,0.413443125620037,0.3589698567567352,0.3194655213633399,0.7650471663006797,0.4746492667258808,0.2522042643364429
0.038152529003396496,0.2816002655687256,0.5398511258224568,0.3637503960749909,0.2548511882191072,0.21581983005755923,0.6944534668995156,0.4069217594760606,0.14585780446060262
0.998863848422892,0.27976276357520236,0.6976609800986683,0.4246711491070946,0.5430979716118727,0.2606429581466194,0.904159161059676,0.5212987393027596,0.44936791606217474
1.0066222700160841e-05,0.28169503255623096,0.5397186100116593,0.3637562920796564,0.2546750399742998,0.2152463957154494,0.694298723868175,0.40666838217432166,0.14584702555479143
0.844935364488147,0.27367501057296795,0.5838362407985881,0.37598571926030777,0.3257457826729836,0.23574102210030637,0.7563379884265613,0.4413432278121636,0.2067067755053235
0.9998999337731767,0.24515771363717845,0.7766477469141604,0.44251809236500506,0.6469313088739387,0.2226282750698844,0.9967940955063959,0.5621983282156132,0.5540998019191439
