s,RMSE_train,RMSE_val,RMSE_both,RMSE_test,RMSEw_train,RMSEw_val,RMSEw_both,RMSEw_test
1.0066222706129244e-05,0.5821881491640597,0.5493313923172016,0.5741539345997877,0.3795587808194932,0.6007563723142639,0.5403543184192038,0.5783048263488367,0.3233741944512358
1.0066222706129244e-05,0.5821881491640597,0.5493313923172016,0.5741539345997877,0.3795587808194932,0.6007563723142639,0.5403543184192038,0.5783048263488367,0.3233741944512358
1.0066222706129244e-05,0.5821881491640597,0.5493313923172016,0.5741539345997877,0.3795587808194932,0.6007563723142639,0.5403543184192038,0.5783048263488367,0.3233741944512358
0.9974092166877768,0.55857744619766,0.8472494137278413,0.6429762461865112,0.8758771553393548,0.5732376517488247,0.8574432964075076,0.7070197381232385,0.8447222412360854
1.0066222706129244e-05,0.5821881491640597,0.5493313923172016,0.5741539345997877,0.3795587808194932,0.6007563723142639,0.5403543184192038,0.5783048263488367,0.3233741944512358
1.0066222706129244e-05,0.5821881491640597,0.5493313923172016,0.5741539345997877,0.3795587808194932,0.6007563723142639,0.5403543184192038,0.5783048263488367,0.3233741944512358
0.9998999337747684,0.42443755045208503,1.260247925785064,0.7293880916907646,1.3534625897214492,0.44085170597654944,1.2805037436167017,0.8983500864076703,1.3291705773997935
