s,RMSE_train,RMSE_val,RMSE_both,RMSE_test,RMSEw_train,RMSEw_val,RMSEw_both,RMSEw_test
0.997616146036928,0.23046618062280078,0.17979120419995323,0.2189037191997419,0.5917128805375401,0.26177106401492495,0.1923783879377062,0.23018725290321235,0.6247376335319285
0.9972060202474565,0.23539452889242854,0.18217007361242743,0.2232849252918705,0.5526287454934011,0.2683809231652675,0.18984201332959225,0.2349894371342155,0.5838462530254838
0.9984071416439344,0.22003782306670183,0.19516224091735812,0.214091953152526,0.6945104486586507,0.24813328625676845,0.2203927295354351,0.22793957406951776,0.7323641709369005
0.9981597724479178,0.22329898890495792,0.18644564478154108,0.21468232997587783,0.6582626002708095,0.2523166304213665,0.20745332827961252,0.22702776857767298,0.6943952586225659
0.999899933768694,0.2097714176545485,0.2969050399638893,0.23460123275300857,0.9226009782879334,0.23598934410191286,0.3418744226743294,0.26773706525022073,0.9720923739796812
