s,RMSE_train,RMSE_val,RMSE_both,RMSE_test,RMSEw_train,RMSEw_val,RMSEw_both,RMSEw_test
1.0066222696409378e-05,0.771056807549271,0.8008530567327588,0.7786104269605556,1.7417625041941394,0.7313109873357544,0.9154258885128044,0.7705234392713829,1.9903843804300747
0.9986815461667125,0.5855153018582384,0.4369839287637102,0.5521519052038718,1.0544383124292402,0.5851794669606489,0.4903862642759785,0.5284745019035422,1.2272194155387983
1.0066222696409378e-05,0.771056807549271,0.8008530567327588,0.7786104269605556,1.7417625041941394,0.7313109873357544,0.9154258885128044,0.7705234392713829,1.9903843804300747
0.9986739553064927,0.5860947583964407,0.43698700331938306,0.5526134488346905,1.0548379380660158,0.585714026423323,0.49038247185850103,0.5288083389415159,1.2276963876652525
1.0066222696409378e-05,0.771056807549271,0.8008530567327588,0.7786104269605556,1.7417625041941394,0.7313109873357544,0.9154258885128044,0.7705234392713829,1.9903843804300747
0.9996536049542062,0.5083239936588668,0.5030434573977364,0.5070094269397196,1.0877829873341198,0.5082140803236066,0.5678206297650685,0.510227087536281,1.2599934234465413
1.0066222696409378e-05,0.771056807549271,0.8008530567327588,0.7786104269605556,1.7417625041941394,0.7313109873357544,0.9154258885128044,0.7705234392713829,1.9903843804300747
0.9994127742940337,0.5227363376515229,0.47397943154184363,0.5109871621130225,1.0637492139061135,0.5240245425218039,0.5348295527683875,0.5065543351240123,1.2344216595777144
1.0066222696409378e-05,0.771056807549271,0.8008530567327588,0.7786104269605556,1.7417625041941394,0.7313109873357544,0.9154258885128044,0.7705234392713829,1.9903843804300747
0.999899933768694,0.5020241127849241,0.5353485302660136,0.5105565293409383,1.1162501510710428,0.49977119119964414,0.6035027591858527,0.5203163553563034,1.290395854772134
