s,RMSE_train,RMSE_val,RMSE_both,RMSE_test,RMSEw_train,RMSEw_val,RMSEw_both,RMSEw_test
0.9279635275806167,0.18031634039065692,0.4491231591299276,0.2734962075428668,0.43174737850373274,0.19358673684577746,0.5162403010283538,0.3366762775854436,0.4685772189895463
0.957920407027497,0.18086733691639645,0.44922611321804046,0.27381118358428574,0.4239098414385,0.19210574190530855,0.5157746077021272,0.3362054860908607,0.4594068349583002
0.9637994539039616,0.18165356350026143,0.4492954999022331,0.27422971334778806,0.4212463052805048,0.19192318175841394,0.5156487459459722,0.3361694987459497,0.45628547836666417
0.9377204057423881,0.18021186688074478,0.4491594181458431,0.2734594367176947,0.43004169567476647,0.19313086303101817,0.5161545346981644,0.33653884060316885,0.46657902051708305
0.9624591000670736,0.18143498898614782,0.4492599015842651,0.27410657378039693,0.4218741847507856,0.19195766556529184,0.5156586704335153,0.3361636973256069,0.4570243123155527
1.0066222696409378e-05,0.17849381947281132,0.4584604781419508,0.2764554355284138,0.4433471535098435,0.18982733123840623,0.5267647403170405,0.34117795113190735,0.48062413934190223
0.9404679143510636,0.1802040235815721,0.44917820303866424,0.2734632711132523,0.4294530474614044,0.19298566546941798,0.5161312899870388,0.3364991390421462,0.4658884486379132
0.999899933768694,0.16347347634955928,0.6260205757883489,0.34349614669896467,0.6938420478274459,0.15285648232691607,0.714574190151542,0.43812910322242504,0.7451982702292561
