s,RMSE_train,RMSE_val,RMSE_both,RMSE_test,RMSEw_train,RMSEw_val,RMSEw_both,RMSEw_test
1.006622271652955e-05,1.1429386235289964,0.34317076218238807,1.0047561818825024,0.5773725748343972,1.2830927775845535,0.33819561736745296,0.9890614575903712,0.5535008153848894
1.006622271652955e-05,1.1429386235289964,0.34317076218238807,1.0047561818825024,0.5773725748343972,1.2830927775845535,0.33819561736745296,0.9890614575903712,0.5535008153848894
0.8138348203689598,1.1147996234035225,0.402319285300702,0.9863457804817192,0.6611885283505395,1.249630863529751,0.3991152493153646,0.974597358642698,0.6403313531628896
0.9950861582648373,0.7703567133910832,0.9479319875537753,0.8183140899871972,1.295694548601043,0.8789112437820337,0.9535485619043171,0.9100793823232451,1.2864885404473883
0.8122864535740596,1.1148393624198636,0.40199057918241193,0.9863460161181598,0.6606564608070107,1.2497133878614488,0.3987638508004302,0.9745971648467414,0.6397701432686551
0.9923383028394995,0.8727559503009832,0.7207007746308342,0.8373788826890541,1.0125564589255205,0.9935353032714315,0.718315456691142,0.8846157519453024,0.9946570314615918
0.9998999337680469,0.531918972662482,1.8895955270583027,1.0506403060347422,2.4588127536849673,0.6415772586400315,1.9298278323285802,1.3421835642737432,2.4853682279097824
