s,RMSE_train,RMSE_val,RMSE_both,RMSE_test,RMSEw_train,RMSEw_val,RMSEw_both,RMSEw_test
0.9978493159054846,0.23250976482390212,0.23419246558076753,0.23293144797037602,0.7207817601702664,0.2311047840545697,0.2920275403276474,0.23651730879265995,0.825700721851356
0.9978536411980267,0.23242025446848058,0.23419259268165815,0.2328644649646505,0.720743970875237,0.2310242133881102,0.29202736367171,0.2364730482117746,0.825655245081026
0.9994597020863522,0.17784623065056618,0.2721348547760171,0.20550667252879865,0.7693990596209607,0.1784980111219011,0.33741511291073656,0.22978806628249257,0.8730563790300262
0.9990413580700304,0.19351858388221185,0.2517324245091115,0.20958855113918404,0.7413880001735267,0.1941380343158257,0.31386017589283194,0.2260901992315098,0.8449610166453485
0.6713355695627878,0.22163711692873073,0.3908806968400799,0.2739180392301943,1.008129765326053,0.22507496870752905,0.4753434432312188,0.3160638876909049,1.128946625759138
0.999899933768694,0.1706405475005488,0.29827756996772553,0.20994368316744452,0.8030347347245056,0.17082236721033844,0.36618260940968583,0.24113990789503623,0.9069739925695127
