s,RMSE_train,RMSE_val,RMSE_both,RMSE_test,RMSEw_train,RMSEw_val,RMSEw_both,RMSEw_test
0.3831760861025522,0.7949174241470504,0.2775632328821125,0.7022681969671051,0.22102680446988793,0.919919854411547,0.27321646699391117,0.7139010132068035,0.23969668858488266
0.3840327604013196,0.7949197531982662,0.2775633441248868,0.7022701851987182,0.22102348755859488,0.9199190275503485,0.27321637814853533,0.7139004278430092,0.23969159391189232
1.0066222713786095e-05,0.7897639542119469,0.2860665653975457,0.6987516350527951,0.2329526206379602,0.9153888230634046,0.2802537435226363,0.7120507086783954,0.25763413703682575
0.9016711439962735,0.720725152787424,0.5243868714695178,0.6769999683439718,0.5492755894213008,0.8054278647139643,0.5091075287563978,0.6958859555357078,0.6230083830784636
1.0066222713786095e-05,0.7897639542119469,0.2860665653975457,0.6987516350527951,0.2329526206379602,0.9153888230634046,0.2802537435226363,0.7120507086783954,0.25763413703682575
0.864272121708683,0.7388580133005215,0.45374552699895954,0.6788995681849311,0.45164029950619733,0.8341368117234781,0.43772270357157894,0.6932612881593719,0.5169840755660287
1.0066222713786095e-05,0.7897639542119469,0.2860665653975457,0.6987516350527951,0.2329526206379602,0.9153888230634046,0.2802537435226363,0.7120507086783954,0.25763413703682575
0.9998999337728857,0.4873959662573662,1.730053518541751,0.962516189576901,2.3698108473592168,0.4787081143060565,1.7988782773838106,1.2055245862869852,2.5528601657511234
