s,RMSE_train,RMSE_val,RMSE_both,RMSE_test,RMSEw_train,RMSEw_val,RMSEw_both,RMSEw_test
0.8319717808163961,0.23058838597526723,0.2805445944907838,0.24403396473277503,0.35833122960054836,0.2533804600500362,0.32501375889633327,0.2687526868870111,0.34080162714160744
0.8326073651059044,0.23057266209895635,0.2805446926548621,0.24402284875153227,0.35832538610112546,0.25336643175059803,0.3250136394890745,0.2687452744751687,0.34079525224503676
0.9816350995853594,0.1898514868984965,0.3334268423992973,0.23413711245477348,0.4260552281703092,0.20822153087091821,0.38690351648411986,0.27463183409025876,0.4065903998732018
0.9368167650132182,0.21958617452808807,0.28984471314467375,0.23908839390719414,0.36914703365256907,0.24190625364288385,0.33612683671002375,0.2673534755413184,0.3510168318099038
0.999899933768694,0.09593128395083095,0.5647367520376732,0.2942954612563413,0.7136078509864968,0.10674470292788817,0.6389165219484765,0.389189310682414,0.6956569226021492
