s,RMSE_train,RMSE_val,RMSE_both,RMSE_test,RMSEw_train,RMSEw_val,RMSEw_both,RMSEw_test
0.9987721361769633,0.35522482565438357,0.3764219891332111,0.3606374495418671,1.1957021365355485,0.4091728108955561,0.35160192263305134,0.3937579384277211,1.338115112622228
0.9998999337593008,0.3460600135205297,0.4019879456076168,0.36084614386858205,1.0253524052711847,0.4048972203585817,0.2969329090106424,0.39789893631297213,1.1593687979941663
1.0066222719350671e-05,0.6093077379688152,0.8755523515992927,0.6855842643205764,2.1790411864311663,0.6976496265428594,1.0607773657756747,0.7946631826648327,2.36148388358859
0.9992746135251895,0.34879547566318436,0.3828759840782214,0.35761455828333455,1.1103545878373529,0.40478098446141697,0.3172564259939065,0.3917042543294853,1.2486204269185532
0.9991465723651339,0.3500455564025,0.3801249442771852,0.35779756687498426,1.1310499310460442,0.40545557765739315,0.3244651045366721,0.3914625041749217,1.2703313541979624
1.0066222719350671e-05,0.6093077379688152,0.8755523515992927,0.6855842643205764,2.1790411864311663,0.6976496265428594,1.0607773657756747,0.7946631826648327,2.36148388358859
0.9998999337593008,0.3460600135205297,0.4019879456076168,0.36084614386858205,1.0253524052711847,0.4048972203585817,0.2969329090106424,0.39789893631297213,1.1593687979941663
