s,RMSE_train,RMSE_val,RMSE_both,RMSE_test,RMSEw_train,RMSEw_val,RMSEw_both,RMSEw_test
1.0066222696575803e-05,0.25736760942721826,0.35107106260797255,0.28370986506796625,1.0242947328366387,0.250651311876846,0.4561699713868712,0.30751564922993485,1.0211202298725095
1.0066222696575803e-05,0.25736760942721826,0.35107106260797255,0.28370986506796625,1.0242947328366387,0.250651311876846,0.4561699713868712,0.30751564922993485,1.0211202298725095
1.0066222696575803e-05,0.25736760942721826,0.35107106260797255,0.28370986506796625,1.0242947328366387,0.250651311876846,0.4561699713868712,0.30751564922993485,1.0211202298725095
0.9776437658751985,0.23263601089267388,0.3737577688924526,0.27479692979527304,1.0996227257611269,0.24785022460752193,0.4876474642884329,0.31906655526746486,1.1032725033402941
1.0066222696575803e-05,0.25736760942721826,0.35107106260797255,0.28370986506796625,1.0242947328366387,0.250651311876846,0.4561699713868712,0.30751564922993485,1.0211202298725095
0.9998999337654209,0.17653250436931556,0.6617740315859932,0.36449830046870124,1.6365596034878804,0.18655099763429048,0.8198360433364422,0.4751876915822085,1.66752365946881
