s,RMSE_train,RMSE_val,RMSE_both,RMSE_test,RMSEw_train,RMSEw_val,RMSEw_both,RMSEw_test
0.4712329698753044,0.1934283055008407,0.2822150782143442,0.21901808456341681,0.6452935349808342,0.1468441286439427,0.35260690706937103,0.22306433720237945,0.6604606892473992
0.9930472771852713,0.13251424661557953,0.24031226175554696,0.16614564723472047,0.604117409441187,0.09336276091769008,0.3069983444113085,0.18011643320499574,0.6217979055252968
0.4464995207081975,0.1936355547331611,0.2822192344357793,0.21915674286262432,0.6452110158559446,0.14700210193990346,0.3526022392937405,0.22312438530607667,0.6603609475741675
0.9928035590064525,0.13385094964986197,0.24033334399200418,0.16695500818210354,0.6033872010446415,0.09418970357291372,0.3069731342190212,0.18036637159928082,0.6209074467419629
0.9969381855106105,0.11094216196413836,0.24790256190525572,0.1568158285235045,0.636087048260989,0.08434830624996538,0.31716422823681584,0.1825545134174885,0.6583204734552526
0.9944978485575425,0.1239200139989039,0.24120994402274654,0.16142906161751094,0.6111086331626477,0.08853924360483655,0.30840670362443734,0.17934444753600878,0.6300075250503557
0.999899933768694,0.10904519270460271,0.2737286295686151,0.16626803063616466,0.686886567267233,0.08660997778555782,0.34797425090500017,0.1996851742798848,0.7124783449602876
