s,RMSE_train,RMSE_val,RMSE_both,RMSE_test,RMSEw_train,RMSEw_val,RMSEw_both,RMSEw_test
1.0066222696409378e-05,0.15623129410350337,0.07602997128971183,0.14054450152133063,0.2561971533618586,0.17787603652225492,0.08790913685770134,0.1430130280443619,0.32248425196033836
1.0066222696409378e-05,0.15623129410350337,0.07602997128971183,0.14054450152133063,0.2561971533618586,0.17787603652225492,0.08790913685770134,0.1430130280443619,0.32248425196033836
0.9067467492487319,0.1515169620319526,0.07704791208757604,0.13676061888466234,0.2596048709020688,0.17255032215297098,0.08789538606908662,0.13950223491464267,0.3273665139530305
0.9924860028013206,0.12231655320198738,0.1258035143426134,0.12319727218645837,0.3337593194036368,0.1336437798211621,0.12583805842232143,0.13027519487005493,0.42057401006660267
0.9876175099569235,0.1285023400495375,0.11014405161410487,0.1241688718831217,0.31622872310666883,0.14217086812522609,0.11173285951028304,0.1292309786126569,0.39980353129206964
0.999899933768694,0.11046666552740528,0.23328177374819822,0.15084416602370485,0.4731714544198533,0.11471868994916469,0.23371101634497096,0.1766830896120724,0.5774520862749144
