s,RMSE_train,RMSE_val,RMSE_both,RMSE_test,RMSEw_train,RMSEw_val,RMSEw_both,RMSEw_test
1.0066222696409378e-05,0.16141266300730908,0.3526791918006207,0.22500779852565642,0.44574128953336656,0.15034018123573906,0.32160339720407666,0.256521354338682,0.45212782583417493
1.0066222696409378e-05,0.16141266300730908,0.3526791918006207,0.22500779852565642,0.44574128953336656,0.15034018123573906,0.32160339720407666,0.256521354338682,0.45212782583417493
0.9574980376238974,0.1605574795504902,0.3650838016379418,0.2294497272529754,0.41003655545018236,0.14748338194390834,0.32861420892573984,0.2625767839379003,0.4145215200492563
0.7151607331236409,0.1563493338908952,0.3583356246893813,0.22455917116206695,0.4332112648789942,0.14460823747714543,0.3248191132948504,0.25785515865931763,0.4392674693504958
0.9990740433287475,0.11855874742562768,0.40677623237223803,0.22780920302188537,0.34826946314501284,0.104042867623187,0.3585141235338796,0.27594290651122033,0.3529510816242298
1.0066222696409378e-05,0.16141266300730908,0.3526791918006207,0.22500779852565642,0.44574128953336656,0.15034018123573906,0.32160339720407666,0.256521354338682,0.45212782583417493
0.8660426381982519,0.15405882897831175,0.36283242875002963,0.2251755023065816,0.42220725927312874,0.14177229124588656,0.32746625885464786,0.25952981734923464,0.4278232723946419
0.999899933768694,0.10709677542215205,0.427079681068387,0.23278359789392675,0.3304589614020221,0.09000055427460661,0.3743638993960586,0.2858024208099865,0.33654820309946637
