s,RMSE_train,RMSE_val,RMSE_both,RMSE_test,RMSEw_train,RMSEw_val,RMSEw_both,RMSEw_test
0.9806156687187444,0.9770612209655153,0.09718396140847077,0.8477635239496035,0.15300363248625465,0.9538748173212545,0.11151593958738867,0.7188597792756658,0.16272301392832356
0.9818405405594751,0.9745487268791811,0.09727641565460887,0.8455933305828558,0.1541432842976559,0.9514977028813313,0.11140410521864813,0.7170869114191618,0.16419937553382197
0.9988314280902028,0.6917450698860622,0.5812468349233093,0.6658815833334985,0.3876484905288872,0.6625928088617667,0.5948836880935761,0.6291544851714842,0.344184003142291
0.9979480266205785,0.7428547911393878,0.4459019933024474,0.6809660681436557,0.26225123880089757,0.7158448464830018,0.46021797826173433,0.6134025648985747,0.21655923517553524
0.9998999337606779,0.6674517187796911,0.7417774634387087,0.6867589987018666,0.540949645097399,0.6362469745763537,0.7547324974230468,0.6852308647966476,0.49870504377816705
