s,RMSE_train,RMSE_val,RMSE_both,RMSE_test,RMSEw_train,RMSEw_val,RMSEw_both,RMSEw_test
0.8235218776385559,0.5457415694689991,0.31030595849551745,0.49747398982127566,0.443979171849374,0.6287479382276077,0.28513646056854214,0.5134859148989493,0.426009650365102
0.8164622954097979,0.5452173351209292,0.3103376700308848,0.4970475398398003,0.4435483363091501,0.6282258943213368,0.28510472396741326,0.5131322221600669,0.42551050660208234
1.0066222719090496e-05,0.5103517164533872,0.33169643527216375,0.47209540005153144,0.4488269730592598,0.5900231586897464,0.30329280626367505,0.49286401862958623,0.42790446734167814
0.9931048544393635,0.4510837356809831,0.5597878629715922,0.480552057901037,0.7922000028908495,0.5129179202860926,0.5445645577831156,0.5329273835652216,0.7863122599544713
1.0066222719090496e-05,0.5103517164533872,0.33169643527216375,0.47209540005153144,0.4488269730592598,0.5900231586897464,0.30329280626367505,0.49286401862958623,0.42790446734167814
0.9871968552021938,0.5031971643554634,0.44766889610432986,0.48991419801271346,0.6512537318272306,0.5731539267601226,0.4290524096653186,0.5210454022467463,0.6416787742029577
1.0066222719090496e-05,0.5103517164533872,0.33169643527216375,0.47209540005153144,0.4488269730592598,0.5900231586897464,0.30329280626367505,0.49286401862958623,0.42790446734167814
0.9998999337655082,0.33120515328556627,1.1068666344985925,0.6232022530962145,1.4883775548097287,0.3811565299002117,1.1140467808843073,0.7863397483886503,1.5050149171533944
